,city_fuel_economy,mileage,passenger_car,price,franchise_make
235137,27.0,16434.0,0,20575.0,1
4231,26.0,30562.0,0,24998.0,1
215294,28.0,38513.0,1,22940.0,1
92987,28.0,29080.0,1,16756.0,1
282297,28.0,377.0,1,23484.0,1
16079,32.0,5931.0,1,18999.0,1
194151,32.0,127.0,1,24318.0,1
138194,22.0,11939.0,0,26980.0,1
51171,13.0,29372.0,0,39796.0,1
90672,27.0,41999.0,0,18859.0,1
2591,17.0,28411.0,0,41999.0,1
75810,26.0,35000.0,0,26975.0,1
137164,16.0,14084.0,0,72450.0,1
194656,24.0,28849.0,1,14999.0,1
260694,29.0,29001.0,1,21495.0,1
61645,19.0,28010.0,1,27987.0,1
274337,21.0,18528.0,0,37988.0,1
166916,28.0,31106.0,1,15848.0,1
96805,19.0,8381.0,0,37988.0,1
96562,28.0,38538.0,1,19988.0,1
222898,28.0,37356.0,1,14599.0,1
52390,15.0,17109.0,0,42838.0,1
44777,19.0,13787.0,0,25991.0,1
267636,28.0,32351.0,1,16399.0,1
149699,28.0,41298.0,1,17650.0,1
63837,28.0,32073.0,1,21000.0,1
85640,28.0,37405.0,1,16995.0,1
143251,29.0,21466.0,1,13947.0,1
116100,25.0,2015.0,0,31700.0,1
9897,29.0,42738.0,1,16991.0,1
191695,29.0,34757.0,1,15197.0,1
273218,26.0,21772.0,1,16888.0,1
144348,25.0,24929.0,0,18710.0,1
54129,21.0,40363.0,1,18594.0,1
13324,20.0,15280.0,0,27777.0,1
172724,28.0,2605.0,1,24990.0,1
207660,19.0,37306.0,0,26175.0,1
33819,18.0,20969.0,0,34974.0,1
19668,20.0,38557.0,0,29968.0,1
111358,19.0,8388.0,0,35295.0,1
109003,28.0,39837.0,1,14995.0,1
276013,28.0,17835.0,1,17500.0,1
18391,28.0,38325.0,1,18628.0,1
79140,26.0,23197.0,0,24788.0,1
50892,28.0,36456.0,1,19900.0,1
64522,20.0,10303.0,0,42995.0,1
169451,29.0,26160.0,1,14752.0,1
45628,12.0,42884.0,0,17490.0,1
249812,25.0,33751.0,0,19598.0,1
222327,19.0,2291.0,0,40999.0,1
255792,26.0,22195.0,1,21777.0,1
238871,29.0,14.0,0,41085.0,1
158283,28.0,28570.0,1,20988.0,1
280469,19.0,9777.0,0,41990.0,1
120189,28.0,32779.0,1,13695.0,1
7610,29.0,8.0,1,21795.0,1
72989,21.0,5751.0,1,23999.0,1
227748,21.0,35328.0,0,33700.0,1
259783,28.0,41490.0,1,16899.0,1
9501,18.0,29271.0,0,36496.0,1
165045,27.0,15061.0,0,20499.0,1
241020,15.0,36683.0,0,30999.0,1
26369,31.0,33335.0,0,17494.0,1
209106,28.0,25417.0,1,21991.0,1
23463,31.0,47426.0,1,12990.0,1
225526,54.0,27294.0,1,20800.0,1
126196,17.0,38046.0,0,30334.0,1
195389,15.0,22246.0,0,30600.0,1
154080,22.0,32495.0,1,31999.0,1
270484,28.0,10465.0,1,15381.0,1
29082,21.0,23428.0,0,30995.0,1
54904,20.0,25152.0,1,21990.0,1
32956,27.0,6872.0,0,22899.0,1
169803,19.0,13.0,0,37817.0,1
47261,28.0,35324.0,1,19988.0,1
232135,17.0,37820.0,0,33990.0,1
239393,28.0,4367.0,1,16799.0,1
207489,25.0,90.0,0,36611.0,1
280,24.0,15362.0,1,28895.0,1
200512,21.0,27167.0,0,21550.0,1
40085,17.0,38591.0,0,19500.0,1
217362,25.0,25496.0,0,31000.0,1
205728,21.0,11290.0,0,33855.0,1
139753,28.0,9211.0,1,24992.0,1
242564,28.0,33112.0,1,19390.0,1
179507,22.0,34100.0,0,20995.0,1
22889,28.0,2499.0,1,15774.0,1
280754,20.0,24269.0,0,27944.0,1
174543,18.0,26.0,0,45920.0,1
18542,13.0,10585.0,0,43600.0,1
247851,13.0,30846.0,0,43995.0,1
281496,19.0,13730.0,0,26500.0,1
54109,16.0,7844.0,0,39500.0,1
20264,32.0,3900.0,1,19981.0,1
168796,28.0,40122.0,1,16990.0,1
205932,17.0,38654.0,0,26800.0,1
60871,18.0,0.0,0,48046.0,1
2781,13.0,0.0,0,44536.0,1
268022,15.0,24528.0,0,45490.0,1
79045,28.0,37255.0,1,19310.0,1
191991,28.0,38539.0,1,22900.0,1
202353,20.0,33358.0,0,29485.0,1
11226,25.0,17438.0,0,31494.0,1
168939,15.0,21659.0,0,39975.0,1
134260,28.0,45985.0,1,17388.0,1
212819,21.0,19283.0,0,16999.0,1
274319,25.0,40855.0,0,14598.0,1
30264,26.0,12563.0,0,24696.0,1
194696,54.0,32335.0,1,20664.0,1
128419,28.0,45661.0,1,21000.0,1
140733,18.0,20102.0,0,30491.0,1
72532,28.0,5068.0,1,21881.0,1
4346,31.0,13036.0,1,16995.0,1
24212,28.0,16800.0,1,23985.0,1
261977,19.0,11546.0,0,28975.0,1
21303,16.0,37253.0,0,42999.0,1
132268,26.0,30853.0,0,25336.0,1
90073,29.0,31594.0,1,16000.0,1
104637,19.0,43880.0,0,33900.0,1
94475,32.0,32578.0,1,14500.0,1
86039,28.0,41164.0,1,16875.0,1
169638,28.0,13435.0,1,15992.0,1
240722,20.0,31586.0,0,31980.0,1
178498,28.0,33440.0,1,24988.0,1
177144,25.0,16138.0,0,28915.0,1
52008,28.0,29255.0,1,19592.0,1
96528,28.0,22515.0,1,14792.0,1
8184,19.0,29387.0,0,25399.0,1
32183,28.0,4579.0,1,23488.0,1
226297,28.0,17739.0,1,22880.0,1
81712,28.0,28264.0,1,21499.0,1
26369,31.0,33335.0,0,17494.0,1
243307,28.0,34348.0,1,16489.0,1
244627,28.0,37821.0,1,17810.0,1
72800,26.0,19576.0,0,29899.0,1
254624,17.0,37885.0,0,19508.0,1
12615,28.0,19509.0,1,18597.0,1
113511,28.0,33508.0,1,23204.0,1
110400,28.0,39685.0,1,18777.0,1
48910,28.0,34961.0,1,16603.0,1
93048,25.0,25933.0,0,24985.0,1
132749,26.0,35180.0,0,21995.0,1
18914,25.0,24836.0,1,18900.0,1
225687,20.0,10452.0,0,30500.0,1
136515,19.0,34573.0,0,29491.0,1
173466,26.0,24533.0,1,15500.0,1
231969,22.0,8891.0,0,20420.0,1
177165,17.0,30118.0,0,53598.0,1
69761,28.0,33916.0,1,16980.0,1
233369,22.0,36945.0,0,21550.0,1
118927,28.0,40302.0,1,14996.0,1
212356,28.0,30623.0,1,18989.0,1
135840,28.0,44538.0,1,16990.0,1
255798,22.0,14754.0,0,21991.0,1
1855,28.0,31301.0,1,21299.0,1
4689,26.0,38781.0,0,19499.0,1
199619,24.0,38801.0,1,13199.0,1
113831,28.0,47032.0,1,16262.0,1
284493,25.0,39499.0,0,27491.0,1
266613,28.0,12426.0,1,17594.0,1
179507,22.0,34100.0,0,20995.0,1
15676,28.0,41531.0,1,18998.0,1
2745,25.0,51192.0,0,16591.0,1
176051,28.0,34027.0,1,12844.0,1
277372,28.0,35037.0,1,16900.0,1
280678,25.0,32312.0,0,15755.0,1
188918,28.0,26623.0,1,19595.0,1
56828,31.0,10860.0,0,49000.0,1
272956,26.0,27272.0,0,23195.0,1
156188,13.0,22791.0,0,38499.0,1
137004,43.0,27692.0,1,16511.0,1
8733,15.0,8600.0,0,40000.0,1
2745,25.0,51192.0,0,16591.0,1
60542,25.0,35103.0,0,14486.0,1
89313,28.0,16313.0,1,18598.0,1
231796,19.0,6112.0,0,27491.0,1
38829,28.0,18740.0,1,27995.0,1
277580,28.0,32582.0,1,22985.0,1
176424,19.0,34351.0,0,30488.0,1
262508,22.0,14499.0,0,23865.0,1
249358,12.0,38133.0,0,18293.0,1
221549,28.0,40120.0,1,23143.0,1
139026,22.0,31750.0,1,28699.0,1
106925,18.0,44071.0,0,33999.0,1
260284,28.0,21672.0,1,23000.0,1
178622,19.0,44277.0,0,35000.0,1
44785,28.0,35068.0,1,17295.0,1
57813,18.0,33426.0,0,35350.0,1
263989,28.0,36102.0,1,19988.0,1
151278,17.0,33251.0,0,15685.0,1
184855,54.0,20294.0,1,20337.0,1
244304,23.0,33608.0,1,17332.0,1
127311,28.0,12813.0,1,21311.0,1
267534,19.0,5.0,0,43312.0,1
241288,27.0,32.0,0,29135.0,1
184780,25.0,26027.0,0,29545.0,1
338,19.0,12087.0,1,29000.0,1
120281,26.0,15109.0,0,28000.0,1
35421,31.0,35115.0,1,12799.0,1
113785,26.0,10000.0,0,25311.0,1
117488,54.0,13791.0,1,23405.0,1
71458,19.0,14290.0,0,38500.0,1
36584,19.0,21979.0,0,36344.0,1
192695,21.0,33804.0,0,26995.0,1
10708,28.0,39248.0,1,16981.0,1
104147,28.0,26232.0,1,25991.0,1
33540,28.0,37128.0,1,18987.0,1
54530,18.0,14417.0,0,27891.0,1
128673,28.0,14082.0,1,16491.0,1
3164,28.0,32650.0,1,16998.0,1
114589,28.0,32648.0,1,22491.0,1
65126,18.0,14756.0,0,31481.0,1
139685,19.0,0.0,0,42670.0,1
152535,28.0,19958.0,1,24995.0,1
58571,32.0,18048.0,1,19500.0,1
128673,28.0,14082.0,1,16491.0,1
9003,19.0,31100.0,0,33998.0,1
144235,18.0,25166.0,0,38900.0,1
92201,25.0,8528.0,0,25994.0,1
100463,26.0,21014.0,0,26420.0,1
89740,28.0,33108.0,1,16298.0,1
39021,25.0,19106.0,0,26451.0,1
203201,19.0,24853.0,0,30992.0,1
137828,21.0,17955.0,0,22037.0,1
160040,55.0,18376.0,1,24991.0,1
66566,26.0,27870.0,1,14897.0,1
31216,41.0,36856.0,0,32985.0,1
12202,32.0,7590.0,1,19443.0,1
35663,17.0,29125.0,0,33991.0,1
267714,22.0,37995.0,1,31991.0,1
101032,54.0,18084.0,1,21995.0,1
234368,20.0,25744.0,0,34988.0,1
272052,27.0,0.0,0,30195.0,1
153351,28.0,18364.0,1,19795.0,1
255639,28.0,36345.0,1,22858.0,1
213489,29.0,40734.0,1,14295.0,1
132656,21.0,46153.0,0,18000.0,1
43908,14.0,12956.0,0,42488.0,1
15325,26.0,10611.0,0,24900.0,1
49727,27.0,17048.0,0,18134.0,1
109561,28.0,33764.0,1,15999.0,1
204645,28.0,23975.0,1,21999.0,1
218217,28.0,35664.0,1,22701.0,1
40336,20.0,9427.0,1,33892.0,1
48487,26.0,12405.0,0,29500.0,1
188004,28.0,30075.0,1,14488.0,1
97373,28.0,27320.0,1,17850.0,1
26508,31.0,35927.0,1,12599.0,1
276643,22.0,3588.0,1,35299.0,1
100019,27.0,11.0,0,27667.0,1
101416,28.0,37758.0,1,21981.0,1
178664,29.0,41522.0,1,16006.0,1
85430,32.0,15643.0,1,18561.0,1
215522,30.0,37230.0,1,17990.0,1
96133,19.0,30966.0,0,36700.0,1
278764,23.0,14189.0,0,22995.0,1
81383,26.0,5480.0,0,17738.0,1
161492,19.0,20745.0,0,42286.0,1
205050,20.0,30416.0,0,32689.0,1
268787,17.0,44062.0,0,17495.0,1
204711,28.0,26002.0,1,14999.0,1
258709,13.0,21533.0,0,41689.0,1
80636,28.0,27225.0,1,17350.0,1
217937,15.0,15884.0,0,39500.0,1
14863,25.0,41515.0,0,15048.0,1
244021,17.0,40243.0,0,29680.0,1
233105,28.0,13527.0,1,17995.0,1
260063,28.0,11940.0,1,16301.0,1
225923,28.0,27299.0,1,15891.0,1
192915,28.0,44998.0,1,15500.0,1
100106,26.0,29937.0,0,21199.0,1
244790,28.0,14241.0,1,31588.0,1
92583,28.0,18227.0,1,19790.0,1
283204,19.0,17500.0,0,34336.0,1
132085,19.0,28073.0,0,26995.0,1
149719,28.0,20098.0,1,20250.0,1
11533,28.0,32737.0,1,26031.0,1
253103,27.0,25228.0,0,18981.0,1
264233,18.0,21684.0,0,38215.0,1
23030,19.0,0.0,0,43571.0,1
18611,18.0,33600.0,0,42788.0,1
220827,28.0,36694.0,1,19409.0,1
132710,21.0,9695.0,0,19999.0,1
236541,20.0,13287.0,0,24230.0,1
1987,18.0,3504.0,0,39999.0,1
102439,15.0,24921.0,0,37981.0,1
270236,28.0,33269.0,1,20500.0,1
208380,28.0,34709.0,1,20980.0,1
102097,26.0,14068.0,0,25977.0,1
268769,28.0,31981.0,1,18799.0,1
226234,25.0,35216.0,0,14997.0,1
10398,28.0,29651.0,1,15680.0,1
129904,28.0,30299.0,1,15998.0,1
14693,28.0,37784.0,1,19900.0,1
137722,32.0,12412.0,1,17942.0,1
95731,13.0,8394.0,0,46998.0,1
182432,15.0,40709.0,0,43600.0,1
165718,28.0,31941.0,1,17995.0,1
199005,22.0,38552.0,0,27950.0,1
123384,25.0,1577.0,1,18388.0,1
37432,14.0,16116.0,0,42199.0,1
168664,27.0,35013.0,1,20900.0,1
30544,28.0,40091.0,1,18777.0,1
153764,28.0,30458.0,1,28792.0,1
197410,19.0,25374.0,1,26861.0,1
242993,19.0,12353.0,0,36893.0,1
140655,25.0,31615.0,0,14087.0,1
96494,28.0,33780.0,1,16998.0,1
193450,28.0,37088.0,1,14518.0,1
185713,18.0,35899.0,0,26997.0,1
218336,17.0,40286.0,0,15163.0,1
152352,28.0,15145.0,1,28500.0,1
264480,26.0,15521.0,0,31995.0,1
270624,19.0,36062.0,0,33995.0,1
26001,28.0,10887.0,1,24127.0,1
15436,21.0,33934.0,0,29692.0,1
189368,17.0,45146.0,0,36950.0,1
68511,17.0,39853.0,0,15195.0,1
222017,28.0,25237.0,1,22777.0,1
75349,17.0,9484.0,0,42880.0,1
194517,28.0,33861.0,1,22189.0,1
177509,18.0,14516.0,0,34852.0,1
107674,28.0,28490.0,1,24995.0,1
44488,13.0,27854.0,0,74500.0,1
265401,16.0,34028.0,0,21700.0,1
211915,22.0,26753.0,0,25000.0,1
185623,13.0,3.0,0,47337.0,1
102292,15.0,19377.0,0,60950.0,1
254864,17.0,32676.0,0,36993.0,1
228656,22.0,17315.0,0,33998.0,1
131100,17.0,27772.0,0,33998.0,1
232408,26.0,35925.0,1,15985.0,1
183345,18.0,23134.0,0,38997.0,1
279095,26.0,32597.0,0,19491.0,1
284317,19.0,2.0,0,41452.0,1
165313,19.0,35444.0,0,29498.0,1
188918,28.0,26623.0,1,19595.0,1
32739,30.0,27956.0,1,18988.0,1
229132,26.0,38109.0,0,20000.0,1
229012,19.0,16612.0,0,31500.0,1
211974,17.0,32723.0,0,43999.0,1
176530,21.0,16166.0,0,36595.0,1
210960,24.0,5011.0,0,20995.0,1
263226,18.0,46645.0,1,24495.0,1
222437,26.0,27277.0,0,24301.0,1
124050,29.0,7444.0,0,41500.0,1
272887,22.0,34087.0,0,15611.0,1
63976,28.0,37428.0,1,19799.0,1
112504,28.0,9943.0,1,17900.0,1
147768,21.0,9884.0,0,27995.0,1
20973,28.0,38.0,1,25554.0,1
20942,19.0,15.0,0,51074.0,1
81641,28.0,30899.0,1,23887.0,1
103658,12.0,52090.0,0,13878.0,1
103448,28.0,36839.0,1,16490.0,1
248178,28.0,37743.0,1,19492.0,1
193700,24.0,30695.0,0,21988.0,1
117019,28.0,21950.0,1,21990.0,1
246785,22.0,40205.0,0,18995.0,1
169712,17.0,29913.0,0,38654.0,1
103558,28.0,30646.0,1,17489.0,1
58523,21.0,4016.0,0,18795.0,1
40733,19.0,15496.0,0,33500.0,1
235303,17.0,49067.0,0,14494.0,1
12107,28.0,33796.0,1,14951.0,1
108280,26.0,6179.0,0,15959.0,1
169154,29.0,1976.0,1,23995.0,1
156399,24.0,47705.0,1,14887.0,1
184912,17.0,38842.0,0,19990.0,1
131634,25.0,33110.0,1,16998.0,1
240235,28.0,34078.0,1,21994.0,1
27284,26.0,49000.0,0,17991.0,1
50096,31.0,34969.0,1,10994.0,1
274301,14.0,17297.0,0,51491.0,1
247851,13.0,30846.0,0,43995.0,1
84845,28.0,41271.0,1,17699.0,1
194352,18.0,22784.0,0,42500.0,1
92633,27.0,19945.0,0,17799.0,1
89223,26.0,26456.0,0,30598.0,1
254375,28.0,38290.0,1,21000.0,1
29642,24.0,20282.0,0,35000.0,0
174687,21.0,9070.0,1,38888.0,0
62389,15.0,34313.0,0,41998.0,0
187022,14.0,45.0,0,112517.0,0
152624,13.0,15.0,1,155991.0,0
109953,15.0,122.0,0,66900.0,0
252985,23.0,10364.0,1,27950.0,0
115405,15.0,8455.0,0,63900.0,0
105421,19.0,17593.0,1,69999.0,0
60975,15.0,277.0,0,90530.0,0
175984,16.0,5130.0,1,67500.0,0
212267,11.0,9247.0,0,83998.0,0
139027,24.0,15565.0,1,33898.0,0
207839,17.0,6235.0,0,34998.0,0
186816,29.0,13410.0,1,19998.0,0
266229,16.0,0.0,1,95595.0,0
185915,14.0,10.0,0,139484.0,0
122031,17.0,6864.0,1,88500.0,0
39515,15.0,8322.0,0,62985.0,0
59364,16.0,9489.0,1,62985.0,0
157696,15.0,8851.0,0,75888.0,0
178479,14.0,54.0,0,105142.0,0
264886,28.0,39925.0,1,18497.0,0
69991,17.0,10.0,1,70745.0,0
112699,17.0,75.0,1,59900.0,0
4739,16.0,6036.0,1,81998.0,0
241583,16.0,5.0,1,73583.0,0
240456,28.0,14295.0,1,20390.0,0
19005,18.0,25183.0,0,37998.0,0
239576,23.0,1782.0,1,34000.0,0
877,17.0,15.0,1,88205.0,0
240451,22.0,18969.0,0,39999.0,0
154627,15.0,41.0,0,62449.0,0
196239,17.0,153.0,0,78390.0,0
157832,13.0,40.0,1,160240.0,0
112699,17.0,75.0,1,59900.0,0
92880,26.0,36796.0,0,19399.0,0
97608,15.0,12045.0,0,57880.0,0
23376,14.0,0.0,0,130635.0,0
60975,15.0,277.0,0,90530.0,0
38009,14.0,10.0,0,139484.0,0
239576,23.0,1782.0,1,34000.0,0
1772,14.0,254.0,0,107165.0,0
212027,17.0,130.0,1,81330.0,0
35045,16.0,14962.0,1,54950.0,0
64664,16.0,38796.0,0,40998.0,0
20297,14.0,46.0,0,134999.0,0
235980,22.0,8044.0,1,34950.0,0
254071,24.0,14110.0,1,37800.0,0
86913,17.0,10.0,1,57985.0,0
275286,15.0,33932.0,0,39998.0,0
228754,24.0,10279.0,1,43995.0,0
10293,21.0,23148.0,0,22505.0,0
54403,17.0,31263.0,0,20988.0,0
149912,14.0,3034.0,0,99995.0,0
19946,23.0,10894.0,1,32754.0,0
272878,18.0,6909.0,0,41995.0,0
165708,22.0,12102.0,1,33950.0,0
212448,16.0,29.0,1,91985.0,0
121588,15.0,18596.0,0,53995.0,0
83292,17.0,71.0,1,67630.0,0
19005,18.0,25183.0,0,37998.0,0
196948,14.0,25046.0,0,71895.0,0
149653,13.0,34.0,1,179142.0,0
100318,14.0,10.0,0,135005.0,0
211022,24.0,9980.0,1,43750.0,0
266211,24.0,21736.0,0,38998.0,0
121675,18.0,26089.0,0,42000.0,0
239576,23.0,1782.0,1,34000.0,0
68834,21.0,16366.0,1,47900.0,0
127950,18.0,46163.0,0,26905.0,0
112107,15.0,8278.0,0,63985.0,0
218607,16.0,34.0,1,73709.0,0
197062,14.0,18943.0,0,59995.0,0
211022,24.0,9980.0,1,43750.0,0
113725,17.0,27609.0,1,31950.0,0
177922,15.0,11303.0,0,62998.0,0
71444,18.0,9952.0,1,57900.0,0
212267,11.0,9247.0,0,83998.0,0
179926,15.0,0.0,0,71680.0,0
263418,17.0,12400.0,1,93888.0,0
63413,16.0,6780.0,1,58977.0,0
146799,17.0,1851.0,1,59997.0,0
231768,18.0,20598.0,0,40998.0,0
157832,13.0,40.0,1,160240.0,0
120165,17.0,10369.0,1,57995.0,0
142508,13.0,7721.0,0,144900.0,0
242061,23.0,8474.0,1,33950.0,0
274746,19.0,39296.0,0,30800.0,0
249992,26.0,26046.0,0,14598.0,0
188585,12.0,8980.0,0,334900.0,0
186558,19.0,34141.0,0,25505.0,0
193962,14.0,16847.0,0,99981.0,0
40737,14.0,3116.0,0,103000.0,0
1260,13.0,30112.0,0,46500.0,0
64664,16.0,38796.0,0,40998.0,0
118434,15.0,12215.0,0,64905.0,0
152624,13.0,15.0,1,155991.0,0
196143,16.0,38283.0,0,42500.0,0
64743,16.0,33.0,1,77000.0,0
150584,17.0,8194.0,0,69900.0,0
63546,16.0,73.0,1,74000.0,0
249868,16.0,4464.0,1,85900.0,0
35045,16.0,14962.0,1,54950.0,0
16796,28.0,37607.0,1,18497.0,0
23376,14.0,0.0,0,130635.0,0
28965,25.0,8500.0,1,20699.0,0
268016,13.0,37.0,1,167177.0,0
196143,16.0,38283.0,0,42500.0,0
231237,17.0,6661.0,1,55645.0,0
50428,13.0,18347.0,0,139900.0,0
178392,30.0,25308.0,1,13505.0,0
154647,16.0,20.0,1,111235.0,0
80026,14.0,12.0,0,100116.0,0
198757,16.0,9653.0,1,66590.0,0
6520,15.0,5244.0,0,65500.0,0
211022,24.0,9980.0,1,43750.0,0
282395,13.0,26.0,1,173035.0,0
255554,14.0,10.0,0,140474.0,0
280556,25.0,2616.0,0,24998.0,0
120783,18.0,1106.0,1,134900.0,0
152281,15.0,7120.0,0,58810.0,0
118110,14.0,15.0,0,106022.0,0
112582,15.0,40.0,0,66545.0,0
149244,15.0,16578.0,0,68998.0,0
79024,16.0,47.0,1,77967.0,0
52936,21.0,5340.0,1,134998.0,0
120783,18.0,1106.0,1,134900.0,0
255681,17.0,8551.0,1,87895.0,0
275286,15.0,33932.0,0,39998.0,0
265454,15.0,43.0,0,75999.0,0
105823,15.0,54609.0,0,40998.0,0
159148,19.0,9307.0,1,49500.0,0
82850,17.0,3327.0,1,74795.0,0
265869,16.0,780.0,1,85880.0,0
197062,14.0,18943.0,0,59995.0,0
141684,17.0,9163.0,1,52881.0,0
264886,28.0,39925.0,1,18497.0,0
255681,17.0,8551.0,1,87895.0,0
150235,14.0,10.0,0,141259.0,0
149344,26.0,9257.0,0,30985.0,0
246606,15.0,7393.0,1,91500.0,0
137696,13.0,44.0,1,174465.0,0
42345,16.0,6686.0,1,86445.0,0
10293,21.0,23148.0,0,22505.0,0
132829,27.0,34427.0,1,17999.0,0
16796,28.0,37607.0,1,18497.0,0
96415,17.0,0.0,1,68478.0,0
209980,16.0,1587.0,1,62915.0,0
92000,15.0,3697.0,0,84370.0,0
80080,14.0,10.0,0,139484.0,0
140074,15.0,5676.0,0,42800.0,0
256955,16.0,0.0,1,89065.0,0
6520,15.0,5244.0,0,65500.0,0
80026,14.0,12.0,0,100116.0,0
142508,13.0,7721.0,0,144900.0,0
240456,28.0,14295.0,1,20390.0,0
46513,14.0,51258.0,0,54498.0,0
157838,21.0,13509.0,0,37688.0,0
170188,18.0,3000.0,1,145000.0,0
80026,14.0,12.0,0,100116.0,0
19946,23.0,10894.0,1,32754.0,0
112699,17.0,75.0,1,59900.0,0
155833,15.0,44.0,0,74999.0,0
95369,16.0,0.0,1,72115.0,0
230307,13.0,45.0,1,179645.0,0
110050,12.0,44933.0,0,18998.0,0
152824,14.0,10173.0,0,75998.0,0
143482,16.0,26.0,1,90985.0,0
19172,12.0,8766.0,0,318995.0,0
112258,16.0,74.0,1,86000.0,0
150393,21.0,2649.0,1,56950.0,0
236429,13.0,52.0,1,158900.0,0
244229,19.0,30452.0,0,27450.0,0
266229,16.0,0.0,1,95595.0,0
184824,17.0,49.0,1,83270.0,0
18829,22.0,6321.0,0,39999.0,0
228075,22.0,43989.0,0,19905.0,0
64743,16.0,33.0,1,77000.0,0
158823,24.0,31515.0,0,18998.0,0
137779,15.0,37012.0,0,40998.0,0
274746,19.0,39296.0,0,30800.0,0
233214,21.0,14827.0,0,26509.0,0
36567,23.0,14948.0,1,28997.0,0
258714,18.0,43212.0,0,27505.0,0
115405,15.0,8455.0,0,63900.0,0
172912,17.0,11425.0,1,49888.0,0
36567,23.0,14948.0,1,28997.0,0
276187,16.0,34.0,1,94075.0,0
242191,17.0,0.0,1,71995.0,0
231768,18.0,20598.0,0,40998.0,0
54300,14.0,10.0,0,137580.0,0
249305,15.0,12.0,0,74500.0,0
28673,16.0,27.0,1,90985.0,0
24891,17.0,0.0,1,89345.0,0
105823,15.0,54609.0,0,40998.0,0
68834,21.0,16366.0,1,47900.0,0
37464,13.0,35.0,1,179142.0,0
237490,23.0,29935.0,1,36500.0,0
218607,16.0,34.0,1,73709.0,0
186558,19.0,34141.0,0,25505.0,0
122031,17.0,6864.0,1,88500.0,0
43198,19.0,2815.0,1,194900.0,0
154647,16.0,20.0,1,111235.0,0
218163,14.0,10.0,0,139484.0,0
21851,16.0,11011.0,1,89155.0,0
162701,19.0,495.0,1,195500.0,0
249158,13.0,0.0,1,182712.0,0
112107,15.0,8278.0,0,63985.0,0
86913,17.0,10.0,1,57985.0,0
81888,16.0,21052.0,0,96900.0,0
24398,26.0,8107.0,0,26998.0,0
4910,17.0,0.0,1,89345.0,0
68922,24.0,0.0,1,35790.0,0
39515,15.0,8322.0,0,62985.0,0
66170,16.0,10386.0,1,56145.0,0
132420,22.0,17580.0,0,35800.0,0
241990,14.0,10.0,0,140514.0,0
86863,14.0,349.0,0,138400.0,0
155021,16.0,10326.0,1,44888.0,0
19172,12.0,8766.0,0,318995.0,0
88685,28.0,40015.0,1,12989.0,0
207839,17.0,6235.0,0,34998.0,0
35927,24.0,22057.0,1,35800.0,0
201414,22.0,12659.0,0,42998.0,0
122906,23.0,4922.0,1,46999.0,0
207659,17.0,100.0,1,59790.0,0
185825,17.0,12583.0,1,49888.0,0
121665,17.0,1469.0,1,118500.0,0
174687,21.0,9070.0,1,38888.0,0
69991,17.0,10.0,1,70745.0,0
167118,16.0,47.0,1,71853.0,0
41883,17.0,8892.0,1,89900.0,0
270782,24.0,12617.0,1,34888.0,0
179926,15.0,0.0,0,71680.0,0
222780,16.0,46.0,1,86000.0,0
82572,16.0,34.0,1,65985.0,0
167661,24.0,11920.0,0,39998.0,0
218607,16.0,34.0,1,73709.0,0
212027,17.0,130.0,1,81330.0,0
155021,16.0,10326.0,1,44888.0,0
169032,18.0,40087.0,0,27905.0,0
79024,16.0,47.0,1,77967.0,0
127950,18.0,46163.0,0,26905.0,0
136228,16.0,9495.0,1,62985.0,0
170188,18.0,3000.0,1,145000.0,0
66170,16.0,10386.0,1,56145.0,0
54300,14.0,10.0,0,137580.0,0
274746,19.0,39296.0,0,30800.0,0
71444,18.0,9952.0,1,57900.0,0
228889,15.0,3525.0,1,43991.0,0
152281,15.0,7120.0,0,58810.0,0
149344,26.0,9257.0,0,30985.0,0
157832,13.0,40.0,1,160240.0,0
165708,22.0,12102.0,1,33950.0,0
122906,23.0,4922.0,1,46999.0,0
115459,20.0,17621.0,0,62950.0,0
243802,13.0,0.0,1,129500.0,0
241990,14.0,10.0,0,140514.0,0
145047,16.0,175.0,1,91445.0,0
152828,22.0,23270.0,0,22998.0,0
115459,20.0,17621.0,0,62950.0,0
128175,14.0,311.0,0,174940.0,0
125875,17.0,15.0,1,89130.0,0
122031,17.0,6864.0,1,88500.0,0
119609,16.0,0.0,1,83995.0,0
226350,15.0,28326.0,0,48450.0,0
132420,22.0,17580.0,0,35800.0,0
152824,14.0,10173.0,0,75998.0,0
244995,15.0,7479.0,0,61945.0,0
121588,15.0,18596.0,0,53995.0,0
169118,16.0,8947.0,1,61455.0,0
178392,30.0,25308.0,1,13505.0,0
37464,13.0,35.0,1,179142.0,0
139027,24.0,15565.0,1,33898.0,0
230447,16.0,3601.0,1,76900.0,0
84076,66.0,10946.0,1,43000.0,0
141684,17.0,9163.0,1,52881.0,0
187329,14.0,25.0,0,122755.0,0
258592,17.0,7998.0,1,49888.0,0
203954,20.0,24729.0,0,65950.0,0
207659,17.0,100.0,1,59790.0,0
196948,14.0,25046.0,0,71895.0,0
88588,16.0,32.0,1,68999.0,0
159148,19.0,9307.0,1,49500.0,0
40382,14.0,10.0,0,139484.0,0
272878,18.0,6909.0,0,41995.0,0
112280,13.0,1109.0,1,163965.0,0
99521,13.0,0.0,1,159000.0,0
243802,13.0,0.0,1,129500.0,0
201347,17.0,4797.0,1,50888.0,0
148734,16.0,30.0,1,93515.0,0
18829,22.0,6321.0,0,39999.0,0
134890,30.0,43860.0,1,13505.0,0
282395,13.0,26.0,1,173035.0,0
106040,13.0,75.0,1,145757.0,0
259767,17.0,13256.0,1,49995.0,0
153406,16.0,11212.0,1,53495.0,0
42345,16.0,6686.0,1,86445.0,0
60975,15.0,277.0,0,90530.0,0
10255,29.0,381.0,1,26099.0,0
152824,14.0,10173.0,0,75998.0,0
113725,17.0,27609.0,1,31950.0,0
236429,13.0,52.0,1,158900.0,0
155833,15.0,44.0,0,74999.0,0
92000,15.0,3697.0,0,84370.0,0
176732,24.0,12792.0,1,40950.0,0
35927,24.0,22057.0,1,35800.0,0
29642,24.0,20282.0,0,35000.0,0
119609,16.0,0.0,1,83995.0,0
249868,16.0,4464.0,1,85900.0,0
8534,14.0,21591.0,0,36800.0,0
279986,17.0,12401.0,1,49888.0,0
240182,14.0,78.0,0,171475.0,0
157696,15.0,8851.0,0,75888.0,0
100264,16.0,9857.0,1,52945.0,0
35045,16.0,14962.0,1,54950.0,0
275055,24.0,9918.0,1,43995.0,0
226350,15.0,28326.0,0,48450.0,0
77486,13.0,35.0,1,149990.0,0
88588,16.0,32.0,1,68999.0,0
186558,19.0,34141.0,0,25505.0,0
244229,19.0,30452.0,0,27450.0,0
165708,22.0,12102.0,1,33950.0,0
133710,13.0,38.0,1,168195.0,0
143482,16.0,26.0,1,90985.0,0
63397,17.0,24829.0,0,83450.0,0
235980,22.0,8044.0,1,34950.0,0
74928,17.0,33685.0,0,19999.0,0
20855,22.0,8836.0,0,42800.0,0
35045,16.0,14962.0,1,54950.0,0
877,17.0,15.0,1,88205.0,0
255681,17.0,8551.0,1,87895.0,0
100579,14.0,38206.0,0,45800.0,0
79024,16.0,47.0,1,77967.0,0
256955,16.0,0.0,1,89065.0,0
23376,14.0,0.0,0,130635.0,0
268016,13.0,37.0,1,167177.0,0
54403,17.0,31263.0,0,20988.0,0
119609,16.0,0.0,1,83995.0,0
81035,26.0,36780.0,0,18998.0,0
235980,22.0,8044.0,1,34950.0,0
106040,13.0,75.0,1,145757.0,0
59963,18.0,12490.0,0,38998.0,0
112582,15.0,40.0,0,66545.0,0
227714,13.0,10.0,1,163265.0,0
169118,16.0,8947.0,1,61455.0,0
68834,21.0,16366.0,1,47900.0,0
177922,15.0,11303.0,0,62998.0,0
137696,13.0,44.0,1,174465.0,0
240456,28.0,14295.0,1,20390.0,0
198757,16.0,9653.0,1,66590.0,0
125919,17.0,38.0,1,87435.0,0
211022,24.0,9980.0,1,43750.0,0
98754,19.0,30100.0,0,42627.0,0
185285,30.0,8110.0,1,16188.0,0
264404,13.0,142.0,1,149595.0,0
41883,17.0,8892.0,1,89900.0,0
132420,22.0,17580.0,0,35800.0,0
259767,17.0,13256.0,1,49995.0,0
270544,16.0,22.0,1,96720.0,0
181169,15.0,16164.0,0,59950.0,0
159839,14.0,10.0,0,140474.0,0
180301,13.0,64.0,1,165645.0,0
152667,16.0,15.0,1,74500.0,0
255681,17.0,8551.0,1,87895.0,0
269108,20.0,19549.0,0,62950.0,0
84076,66.0,10946.0,1,43000.0,0
28965,25.0,8500.0,1,20699.0,0
88588,16.0,32.0,1,68999.0,0
115405,15.0,8455.0,0,63900.0,0
122906,23.0,4922.0,1,46999.0,0
92880,26.0,36796.0,0,19399.0,0
84886,17.0,24409.0,0,33999.0,0
155833,15.0,44.0,0,74999.0,0
224450,16.0,45.0,1,94925.0,0
255554,14.0,10.0,0,140474.0,0
188464,24.0,3842.0,1,45240.0,0
156329,15.0,33.0,0,67509.0,0
78914,16.0,2.0,1,85705.0,0
